Кредиты, выданные банковским сектором в региональном разрезе;;;;;;;;;;;;;;;;;;;;;;;;;;;;;;;;;;;;;;;;;;;;;;;;;;;;;;;;;;;;;;;;;
;;;;;;;;;;;;;;;;;;;;;;;;;;;;;;;;;;;;;;;;;;;;;;;;;;;;;;;;;;;;;;;;;
млн. тенге, за период;;;;;;;;;;;;;;;;;;;;;;;;;;;;;;;;;;;;;;;;;;;;;;;;;;;;;;;;;;;;;;;;;
;за январь 2024 года;;;;;за февраль 2024 года;;;;;за март 2024 года;;;;;за апрель 2024 года;;;;;за май 2024 года;;;;;за июнь 2024 года;;;;;за июль 2024 года;;;;;за август 2024 года;;;;;за сентябрь 2024 года;;;;;за октябрь 2024 года;;;;;за ноябрь 2024 года;;;;;за декабрь 2024 года1;;;;;за 2024 год;;;;
;всего;краткосрочные;;долгосрочные;;всего;краткосрочные;;долгосрочные;;всего;краткосрочные;;долгосрочные;;всего;краткосрочные;;долгосрочные;;всего;краткосрочные;;долгосрочные;;всего;краткосрочные;;долгосрочные;;всего;краткосрочные;;долгосрочные;;всего;краткосрочные;;долгосрочные;;всего;краткосрочные;;долгосрочные;;всего;краткосрочные;;долгосрочные;;всего;краткосрочные;;долгосрочные;;всего;краткосрочные;;долгосрочные;;всего;краткосрочные;;долгосрочные;
;;в национальной валюте;в иностранной валюте;в национальной валюте;в иностранной валюте;;в национальной валюте;в иностранной валюте;в национальной валюте;в иностранной валюте;;в национальной валюте;в иностранной валюте;в национальной валюте;в иностранной валюте;;в национальной валюте;в иностранной валюте;в национальной валюте;в иностранной валюте;;в национальной валюте;в иностранной валюте;в национальной валюте;в иностранной валюте;;в национальной валюте;в иностранной валюте;в национальной валюте;в иностранной валюте;;в национальной валюте;в иностранной валюте;в национальной валюте;в иностранной валюте;;в национальной валюте;в иностранной валюте;в национальной валюте;в иностранной валюте;;в национальной валюте;в иностранной валюте;в национальной валюте;в иностранной валюте;;в национальной валюте;в иностранной валюте;в национальной валюте;в иностранной валюте;;в национальной валюте;в иностранной валюте;в национальной валюте;в иностранной валюте;;в национальной валюте;в иностранной валюте;в национальной валюте;в иностранной валюте;;в национальной валюте;в иностранной валюте;в национальной валюте;в иностранной валюте
;;;;;;;;;;;;;;;;;;;;;;;;;;;;;;;;;;;;;;;;;;;;;;;;;;;;;;;;;;;;;;;;;
Всего по республике:;2 365 416;843 189;69 591;1 400 807;51 828;2 914 555;961 140;140 519;1 707 820;105 076;2 630 123;1 050 233;153 730;1 388 872;37 288;2 870 413;1 177 159;196 770;1 447 545;48 940;2 780 829;1 154 223;142 751;1 446 012;37 843;3 040 089;1 131 723;222 603;1 616 356;69 407;3 132 601;1 218 212;121 928;1 744 267;48 194;3 109 071;1 195 678;138 904;1 683 783;90 705;3 211 820;1 264 445;119 416;1 701 190;126 769;3 178 487;1 140 933;199 014;1 774 378;64 162;3 638 089;1 404 328;192 869;1 858 438;182 454;4 023 903;1 383 778;309 770;2 206 055;124 300;36 895 396;13 925 042;2 007 865;19 975 521;986 967
Абай;34 796;6 050;0;28 745;0;41 052;7 545;0;33 507;0;42 855;11 286;674;30 895;0;45 911;11 271;0;34 640;0;46 960;12 812;0;34 148;0;50 040;12 803;0;37 237;0;54 482;16 080;0;38 402;0;56 189;13 089;0;43 099;0;53 555;15 016;0;38 539;0;56 700;16 808;0;39 893;0;59 952;17 867;903;41 182;0;62 441;16 484;125;45 833;0;604 933;157 110;1 702;446 121;0
Акмолинская;33 341;6 455;128;26 758;0;42 378;6 906;829;31 930;2 713;46 743;11 456;1 508;33 778;0;45 336;15 463;93;29 781;0;41 135;11 863;139;29 133;0;43 108;10 647;241;32 221;0;47 059;11 532;227;35 300;0;49 333;13 329;291;35 712;0;43 922;11 577;419;31 925;0;47 297;11 609;0;35 688;0;47 273;11 659;0;35 615;0;60 635;13 340;0;47 295;0;547 560;135 835;3 874;405 137;2 713
Актюбинская;65 199;15 886;0;49 071;242;80 876;20 615;0;60 027;234;79 840;25 247;0;54 065;528;85 786;26 751;0;59 035;0;88 838;26 625;0;62 214;0;92 625;26 094;0;66 531;0;100 819;28 695;0;72 110;15;95 273;26 677;0;68 595;0;94 747;29 569;0;65 101;77;97 262;29 252;0;68 011;0;116 050;39 852;0;76 198;0;122 191;46 107;0;76 085;0;1 119 507;341 370;0;777 040;1 096
Алматинская ;17 355;462;0;16 893;0;18 458;617;0;17 841;0;20 593;2 442;0;18 151;0;25 115;3 431;0;21 684;0;27 066;1 954;0;25 112;0;30 104;3 242;0;26 861;0;30 650;2 831;0;27 820;0;27 635;3 247;0;24 389;0;28 519;3 997;0;24 522;0;26 981;3 527;0;23 453;0;25 445;2 198;;23 247;0;33 843;6 056;0;27 788;0;311 766;34 004;0;277 761;0
Атырауская;62 719;12 932;1 658;48 129;0;79 685;17 360;2 243;60 082;0;75 797;28 400;1 020;46 378;0;62 593;24 329;2 134;36 130;0;73 388;29 400;1 437;42 549;2;75 177;23 415;2 876;48 885;1;87 040;29 317;1 758;55 965;0;85 355;28 996;1 839;54 520;0;84 215;29 618;2 216;52 372;9;88 611;31 369;2 893;54 349;0;97 004;32 972;2 909;61 087;36;99 960;31 932;2 545;65 483;0;971 545;320 041;25 528;625 929;48
Восточно-Казахстанская;50 022;10 270;0;39 751;1;74 890;17 344;3;57 540;4;59 710;19 712;0;38 648;1 351;67 734;25 959;0;41 768;7;65 668;22 201;0;43 462;5;88 956;40 439;0;48 516;1;64 919;17 029;0;47 886;4;92 130;45 126;0;47 002;1;68 191;22 356;0;45 803;32;65 151;19 731;0;45 418;2;70 265;21 194;0;49 058;13;92 501;38 896;0;53 599;5;860 138;300 258;3;558 452;1 425
Жамбылская;49 849;9 306;339;40 205;0;61 637;10 709;113;50 814;0;57 749;14 674;212;42 864;0;64 691;14 890;358;49 442;0;64 306;13 927;18;50 361;0;73 359;14 906;761;57 692;0;73 872;15 060;76;58 736;0;70 422;13 681;154;56 587;0;71 341;16 180;0;55 161;0;71 223;16 148;245;54 830;0;79 062;17 651;743;60 668;0;82 912;18 984;59;63 869;0;820 423;176 116;3 077;641 230;0
Жетысу;46 545;8 225;0;38 319;0;59 650;10 147;0;49 279;224;55 083;12 894;0;42 190;0;60 563;13 506;0;47 057;0;58 498;13 522;0;44 976;0;63 950;13 401;0;50 548;0;71 734;15 711;0;53 559;2 464;68 939;14 416;0;54 523;0;66 770;15 652;0;51 118;0;68 655;15 518;0;53 137;0;79 560;15 739;0;63 821;0;85 146;16 974;;68 172;0;785 092;165 705;0;616 699;2 688
Западно-Казахстанская;57 532;23 567;145;33 820;0;63 258;22 599;312;40 347;0;59 997;24 455;239;35 303;0;72 766;32 826;837;39 102;0;71 422;32 930;704;37 781;7;69 257;24 455;1 082;43 718;2;74 835;29 694;43;45 098;0;73 902;29 528;62;44 312;0;72 880;30 951;7;41 921;0;73 758;31 284;254;42 219;0;85 711;36 529;176;49 006;0;86 254;30 192;1 274;54 788;0;861 571;349 009;5 137;507 416;9
Карагандинская ;92 433;23 235;0;69 198;0;114 842;31 489;0;83 342;11;104 179;30 869;0;73 310;1;246 099;42 933;124 876;78 286;3;143 858;41 142;19 952;82 763;1;150 548;38 569;23 879;88 095;4;154 800;37 871;25 149;91 777;4;130 899;40 646;3 917;86 336;0;127 635;47 387;0;80 248;0;127 853;43 742;54;84 042;16;136 726;39 456;0;91 747;5 523;159 284;56 238;0;103 043;3;1 689 156;473 577;197 826;1 012 186;5 566
Костанайская;52 244;10 223;0;42 020;0;62 873;12 552;0;50 021;299;69 788;26 991;0;42 797;0;68 507;28 355;0;40 152;0;62 242;20 371;0;41 871;0;62 085;16 828;293;44 964;0;70 520;19 921;1;50 599;0;72 827;22 802;0;50 026;0;72 338;26 397;118;45 824;0;69 139;18 796;0;50 343;0;78 388;22 685;356;55 348;0;85 339;22 950;57;62 332;0;826 291;248 870;825;576 296;299
Кызылординская;43 690;8 475;0;35 215;0;54 184;9 390;0;44 794;0;52 093;12 298;0;39 795;0;58 865;14 411;0;44 454;0;54 713;11 712;0;43 000;0;62 548;12 675;0;49 873;0;67 808;13 726;0;54 081;0;64 520;12 909;0;51 611;0;61 742;14 688;0;47 055;0;64 337;12 714;0;51 623;0;68 971;13 889;0;55 083;0;73 614;14 893;0;58 721;0;727 085;151 780;0;575 305;0
Мангистауская;57 625;9 363;446;47 808;8;71 863;8 952;676;61 225;1 010;65 920;14 705;666;50 312;239;66 749;13 845;302;51 912;689;73 871;15 513;89;56 102;2 167;74 448;13 980;827;59 378;263;75 748;15 704;0;59 972;71;76 006;15 228;953;59 817;8;76 200;21 677;653;53 870;0;77 228;16 733;821;59 270;404;82 170;17 263;2 809;61 818;281;81 750;16 845;1 756;62 457;692;879 578;179 808;9 997;683 940;5 832
Павлодарская;58 523;22 480;0;36 043;0;75 183;27 381;0;47 802;0;73 156;30 385;0;42 771;0;75 937;30 337;0;45 600;0;72 458;29 552;0;42 906;0;75 018;27 139;0;47 879;0;78 660;27 380;0;51 280;0;83 508;35 225;0;48 283;0;71 690;26 444;0;45 246;0;74 585;26 209;0;48 375;0;80 387;27 452;0;52 934;0;88 557;29 614;0;58 943;0;907 663;339 599;1;568 064;0
Северо-Казахстанская;27 383;8 291;905;18 126;61;29 225;6 414;274;22 429;108;35 559;12 998;378;22 183;0;34 368;14 149;806;19 412;0;31 741;12 979;333;18 429;0;37 750;15 960;794;20 995;0;35 631;12 648;472;22 511;0;36 781;12 487;667;23 627;0;35 590;15 671;757;19 163;0;38 106;14 091;828;23 188;0;39 306;15 028;931;23 346;0;50 832;16 649;362;33 821;0;432 272;157 365;7 508;267 231;169
Туркестанская;42 247;5 442;0;36 805;0;52 598;5 630;0;46 969;;50 103;8 196;0;41 907;0;57 858;12 132;0;45 726;;54 089;8 782;0;45 306;;60 434;7 928;0;52 506;;68 000;9 817;472;57 711;;62 485;8 809;0;53 676;;56 013;9 567;;46 446;;53 682;8 878;0;44 804;;60 186;8 914;0;51 272;;63 846;8 871;;54 975;;681 542;102 967;472;578 103;0
 Улытау;12 595;1 959;;10 636;0;14 022;2 071;;11 951;0;13 600;2 650;;10 950;0;15 825;3 088;;12 737;0;15 757;3 092;;12 665;0;17 114;3 652;;13 462;0;16 232;3 188;;13 044;0;16 298;3 512;;12 786;0;15 080;3 433;;11 647;0;15 428;3 477;;11 950;0;16 797;3 383;;13 414;0;18 526;5 068;;13 458;0;187 276;38 574;0;148 701;1
г. Алматы;1 206 471;582 308;63 425;512 633;48 104;1 420 197;651 614;84 746;598 387;85 450;1 242 930;641 566;123 931;444 850;32 583;1 287 480;715 604;65 399;461 494;44 983;1 288 150;713 881;97 805;445 357;31 106;1 368 801;708 457;90 601;503 148;66 595;1 478 250;793 150;89 733;567 804;27 564;1 476 017;741 553;121 982;533 551;78 930;1 570 566;794 448;95 713;578 542;101 862;1 483 311;717 580;109 007;622 759;33 966;1 811 947;895 199;133 222;632 797;150 729;1 943 929;816 362;219 752;817 265;90 549;17 578 047;8 771 722;1 295 316;6 718 587;792 422
г. Астана;232 074;58 163;2 477;170 691;743;354 891;67 638;51 192;221 938;14 123;286 339;80 314;23 434;182 539;52;284 241;96 793;1 900;183 000;2 548;304 292;97 915;21 450;184 865;61;387 419;77 799;100 621;206 549;2 450;321 069;81 191;3 917;218 468;17 493;307 746;73 661;8 724;213 878;11 483;323 591;86 471;15 129;197 263;24 728;416 115;67 779;83 804;234 758;29 774;424 163;129 003;47 812;221 476;25 871;508 074;129 321;81 187;264 516;33 050;4 150 013;1 046 048;441 648;2 499 941;162 376
г. Шымкент;122 772;20 095;68;99 939;2 670;142 793;24 166;133;117 594;901;138 088;38 697;1 669;95 188;2 534;143 989;37 085;63;106 131;709;142 379;34 052;824;103 008;4 495;157 349;39 333;628;117 297;90;160 474;37 667;81;122 146;580;162 805;40 756;315;121 451;282;217 234;43 345;4 403;169 426;60;163 066;35 688;1 108;126 269;0;178 724;36 395;3 007;139 321;0;224 267;48 003;2 653;173 612;0;1 953 939;435 282;14 952;1 491 382;12 322
;                             в том числе:;;;;;                             в том числе:;;;;;                             в том числе:;;;;;                             в том числе:;;;;;                             в том числе:;;;;;                             в том числе:;;;;;                             в том числе:;;;;;                             в том числе:;;;;;                             в том числе:;;;;;                             в том числе:;;;;;                             в том числе:;;;;;                             в том числе:;;;;;                             в том числе:;;;;
;;;;;;;;;;;;;;;;;;;;;;;;;;;;;;;;;;;;;;;;;;;;;;;;;;;;;;;;;;;;;;;;;
;всего;краткосрочные;;долгосрочные;;всего;краткосрочные;;долгосрочные;;всего;краткосрочные;;долгосрочные;;всего;краткосрочные;;долгосрочные;;всего;краткосрочные;;долгосрочные;;всего;краткосрочные;;долгосрочные;;всего;краткосрочные;;долгосрочные;;всего;краткосрочные;;долгосрочные;;всего;краткосрочные;;долгосрочные;;всего;краткосрочные;;долгосрочные;;всего;краткосрочные;;долгосрочные;;всего;краткосрочные;;долгосрочные;;всего;краткосрочные;;долгосрочные;
;;в национальной валюте;в иностранной валюте;в национальной валюте;в иностранной валюте;;в национальной валюте;в иностранной валюте;в национальной валюте;в иностранной валюте;;в национальной валюте;в иностранной валюте;в национальной валюте;в иностранной валюте;;в национальной валюте;в иностранной валюте;в национальной валюте;в иностранной валюте;;в национальной валюте;в иностранной валюте;в национальной валюте;в иностранной валюте;;в национальной валюте;в иностранной валюте;в национальной валюте;в иностранной валюте;;в национальной валюте;в иностранной валюте;в национальной валюте;в иностранной валюте;;в национальной валюте;в иностранной валюте;в национальной валюте;в иностранной валюте;;в национальной валюте;в иностранной валюте;в национальной валюте;в иностранной валюте;;в национальной валюте;в иностранной валюте;в национальной валюте;в иностранной валюте;;в национальной валюте;в иностранной валюте;в национальной валюте;в иностранной валюте;;в национальной валюте;в иностранной валюте;в национальной валюте;в иностранной валюте;;в национальной валюте;в иностранной валюте;в национальной валюте;в иностранной валюте
;;;;;;;;;;;;;;;;;;;;;;;;;;;;;;;;;;;;;;;;;;;;;;;;;;;;;;;;;;;;;;;;;
Юридическим лицам*, всего:;1 018 351;632 104;69 282;265 672;51 294;1 304 342;746 282;140 283;313 159;104 618;1 125 927;772 858;153 403;163 366;36 300;1 288 159;874 765;196 535;168 453;48 405;1 179 712;857 597;142 468;142 377;37 270;1 295 926;829 942;222 391;174 660;68 932;1 255 156;888 151;121 200;198 259;47 546;1 289 824;906 830;138 837;154 045;90 112;1 416 294;944 806;119 398;225 885;126 205;1 367 250;830 791;199 013;273 843;63 603;1 678 630;1 093 439;192 869;210 396;181 927;2 000 214;1 090 790;309 770;475 919;123 735;16 219 784;10 468 355;2 005 449;2 766 034;979 946
Абай;6 376;2 565;0;3 811;0;10 533;3 873;0;6 660;0;11 155;5 612;674;4 868;0;11 690;5 644;0;6 046;0;10 705;6 241;0;4 463;0;12 391;7 249;0;5 142;0;13 163;9 292;0;3 871;;14 876;6 773;0;8 103;;14 876;8 415;0;6 461;;16 950;10 429;0;6 521;;17 683;10 760;903;6 021;;15 712;9 231;125;6 356;;156 110;86 085;1 701;68 324;0
Акмолинская;5 271;2 372;128;2 771;0;8 668;2 840;829;2 286;2 713;14 955;5 526;1 508;7 921;0;11 382;9 240;93;2 049;0;7 862;5 571;139;2 152;0;7 567;5 047;241;2 279;0;6 314;4 708;227;1 379;0;9 320;7 279;291;1 750;0;7 707;4 903;419;2 385;0;8 345;4 736;0;3 609;0;7 626;5 158;0;2 468;0;17 750;6 916;0;10 834;0;112 767;64 296;3 874;41 883;2 713
Актюбинская;11 210;7 822;;3 146;241;16 382;12 609;;3 546;227;19 689;15 177;;4 004;508;21 311;15 619;;5 692;0;21 471;16 009;;5 461;0;20 451;15 904;;4 547;0;19 310;16 065;;3 245;0;18 590;15 904;;2 686;0;22 228;17 588;;4 640;0;21 334;17 312;;4 022;0;33 232;27 861;;5 371;0;41 320;35 234;;6 086;0;266 527;213 105;0;52 446;976
Алматинская ;3 629;186;;3 443;0;3 483;223;;3 260;0;3 272;1 353;;1 919;0;4 328;2 455;;1 873;0;4 849;1 050;;3 799;0;5 565;2 314;;3 251;0;4 015;1 800;;2 215;;3 908;2 128;;1 780;;5 486;3 098;;2 388;;7 122;2 680;;4 442;;3 739;1 445;;2 293;;12 068;4 969;;7 099;;61 466;23 703;0;37 763;0
Атырауская;14 421;4 978;1 362;8 081;0;22 701;9 578;2 020;11 103;0;21 382;18 592;732;2 058;0;21 127;15 851;1 976;3 300;0;24 368;19 980;1 219;3 169;0;20 423;14 188;2 677;3 558;0;23 087;17 338;1 517;4 233;0;23 307;18 595;1 839;2 874;0;23 835;17 807;2 216;3 813;0;27 620;20 154;2 893;4 572;0;30 425;21 686;2 909;5 830;0;31 429;21 584;2 545;7 301;0;284 125;200 330;23 905;59 891;0
Восточно-Казахстанская;12 009;4 688;0;7 321;0;30 173;11 891;0;18 281;0;15 565;12 296;0;1 920;1 349;20 331;17 531;0;2 799;0;18 052;14 269;;3 782;0;37 538;33 190;;4 348;0;10 133;8 111;;2 022;0;39 875;37 456;0;2 419;0;17 851;13 638;;4 213;0;14 229;11 551;;2 678;0;16 151;13 107;;3 044;0;37 715;31 582;0;6 133;0;269 622;209 311;0;58 962;1 349
Жамбылская;3 342;1 723;339;1 280;;4 975;2 613;113;2 249;;5 099;4 349;212;539;;5 405;3 082;358;1 965;;5 252;2 917;18;2 318;;8 671;4 514;761;3 395;;5 245;2 386;76;2 783;;5 351;3 019;154;2 178;;7 675;4 077;0;3 598;;7 619;4 427;245;2 947;;8 490;5 401;743;2 345;;10 626;7 505;59;3 063;;77 749;46 013;3 076;28 659;0
Жетысу;1 680;689;;991;;3 732;2 359;;1 148;224;2 555;2 018;;538;0;2 937;1 832;;1 105;0;3 228;2 311;;917;0;3 803;2 433;;1 370;0;5 446;2 024;;958;2 464;4 096;2 374;;1 722;0;3 187;2 234;;953;0;3 721;2 201;;1 520;0;4 565;2 689;;1 876;0;5 805;4 346;;1 459;;44 755;27 511;0;14 556;2 688
Западно-Казахстанская;22 048;18 082;145;3 821;0;22 097;17 143;312;4 642;0;20 699;17 304;239;3 156;0;33 228;25 894;837;6 496;0;30 979;25 949;704;4 326;0;22 580;17 399;1 082;4 099;0;24 638;21 234;43;3 361;0;24 909;22 159;62;2 688;0;26 332;23 204;7;3 121;0;25 828;23 627;254;1 947;0;32 729;28 887;176;3 666;0;29 035;23 325;1 274;4 435;0;315 102;264 208;5 137;45 757;0
Карагандинская ;19 359;13 190;0;6 169;0;27 556;21 419;0;6 136;0;20 069;16 780;0;3 289;0;157 861;28 115;124 876;4 870;0;53 070;26 088;19 952;7 031;0;53 091;24 328;23 879;4 884;0;54 475;22 192;25 149;7 134;0;35 131;26 446;3 917;4 768;0;38 032;31 659;0;6 373;0;34 279;27 523;54;6 702;0;38 292;23 398;0;9 373;5 521;58 257;42 300;0;15 957;0;589 472;303 438;197 826;82 687;5 521
Костанайская;15 427;5 348;0;10 079;0;18 861;7 430;0;11 131;299;25 936;19 981;;5 955;0;24 971;20 605;0;4 366;0;18 467;13 307;0;5 160;0;14 958;9 867;293;4 797;0;16 991;11 591;0;5 400;0;20 112;15 354;0;4 758;0;23 758;18 371;118;5 269;0;17 695;11 057;0;6 639;0;23 313;15 003;356;7 954;0;27 055;15 434;57;11 564;0;247 545;163 348;824;83 073;299
Кызылординская;3 588;1 874;0;1 714;;4 752;2 749;0;2 003;;4 339;3 540;;799;0;7 945;5 215;;2 730;0;4 347;2 918;;1 429;0;6 284;4 729;;1 555;0;5 908;3 798;;2 109;0;5 975;4 410;;1 565;0;6 821;5 063;;1 758;0;7 895;3 737;;4 159;0;7 466;4 578;;2 888;0;9 379;5 819;;3 560;0;74 698;48 429;0;26 269;0
Мангистауская;4 821;1 671;446;2 696;8;9 048;915;676;6 448;1 009;8 015;4 485;666;2 626;239;6 351;2 933;302;2 426;689;9 598;4 668;89;2 675;2 167;8 926;3 862;827;3 974;263;7 043;3 543;0;3 428;71;8 263;5 001;952;2 301;8;12 768;10 167;653;1 948;0;9 923;5 026;821;3 673;403;13 533;6 086;2 809;4 357;281;12 141;6 585;1 756;3 109;691;110 431;54 943;9 996;39 662;5 830
Павлодарская;19 454;15 753;0;3 701;0;25 649;20 189;0;5 460;0;24 177;21 231;0;2 947;0;25 462;20 787;0;4 674;0;23 568;20 530;0;3 039;0;21 722;17 962;0;3 760;0;21 479;17 606;0;3 873;0;29 895;26 350;0;3 546;0;20 015;17 129;0;2 886;0;20 802;17 419;0;3 384;0;23 431;18 661;0;4 769;0;29 950;21 290;0;8 660;0;285 605;234 907;0;50 698;0
Северо-Казахстанская;10 440;5 796;905;3 678;61;8 622;3 594;274;4 646;108;15 052;9 221;378;5 454;0;14 285;10 069;806;3 410;0;10 575;8 098;333;2 144;0;13 724;11 041;794;1 889;0;10 301;8 178;472;1 651;0;12 050;8 498;667;2 886;0;12 901;10 874;757;1 270;0;13 056;10 161;828;2 067;0;11 383;8 415;931;2 036;0;22 986;12 878;362;9 746;0;155 375;106 822;7 507;40 876;169
Туркестанская;606;0;;606;;1 328;109;;1 219;;1 285;447;;838;;5 788;4 125;;1 663;;1 887;550;;1 337;;1 366;409;;957;;1 146;216;;930;;1 594;342;;1 252;;2 302;348;;1 953;;1 067;311;;756;;1 768;159;;1 609;;3 243;378;;2 865;;23 381;7 395;0;15 986;0
 Улытау;915;567;;349;;820;535;;285;;819;771;;48;;1 287;971;;316;;1 368;1 011;;357;;2 359;1 665;;694;;968;843;;125;;1 708;1 314;;394;;1 136;989;;147;;1 499;1 327;;173;;1 675;1 248;;428;;3 841;3 220;;621;;18 397;14 459;0;3 938;0
г. Алматы;782 184;500 564;63 417;170 593;47 610;908 682;569 049;84 742;169 829;85 061;780 986;538 923;123 900;86 493;31 671;799 893;602 188;65 330;87 868;44 507;794 553;602 551;97 746;63 649;30 608;819 673;582 233;90 595;80 666;66 180;911 771;671 400;89 725;123 643;27 003;917 745;635 405;121 934;82 012;78 394;1 020 371;677 175;95 702;146 031;101 463;913 415;603 836;109 006;167 112;33 460;1 188 604;782 320;133 222;122 757;150 304;1 323 744;708 295;219 752;305 647;90 049;11 161 620;7 473 940;1 295 071;1 606 299;786 310
г. Астана;62 805;39 907;2 474;19 719;704;157 533;49 134;51 188;43 134;14 076;103 888;56 604;23 431;23 852;0;92 537;68 850;1 892;19 296;2 499;113 187;71 511;21 446;20 230;0;188 089;52 271;100 615;32 803;2 400;93 796;52 826;3 912;19 630;17 428;84 814;48 702;8 707;15 978;11 427;116 651;58 807;15 124;18 039;24 682;195 735;40 481;83 803;41 712;29 739;193 046;102 625;47 812;16 788;25 821;252 246;103 656;81 187;34 408;32 994;1 654 327;745 375;441 593;305 588;161 771
г. Шымкент;18 767;4 330;66;11 701;2 670;18 749;8 027;129;9 693;899;26 989;18 649;1 664;4 142;2 534;20 041;13 760;63;5 509;709;22 326;12 067;823;4 940;4 495;26 744;19 337;627;6 690;90;19 928;12 999;79;6 269;580;28 304;19 322;314;8 385;282;32 361;19 258;4 403;8 640;60;19 113;12 796;1 108;5 209;0;21 481;13 950;3 007;4 523;0;55 910;26 242;2 653;27 015;0;310 714;180 738;14 938;102 717;12 320
;;;;;;;;;;;;;;;;;;;;;;;;;;;;;;;;;;;;;;;;;;;;;;;;;;;;;;;;;;;;;;;;;
;всего;краткосрочные;;долгосрочные;;всего;краткосрочные;;долгосрочные;;всего;краткосрочные;;долгосрочные;;всего;краткосрочные;;долгосрочные;;всего;краткосрочные;;долгосрочные;;всего;краткосрочные;;долгосрочные;;всего;краткосрочные;;долгосрочные;;всего;краткосрочные;;долгосрочные;;всего;краткосрочные;;долгосрочные;;всего;краткосрочные;;долгосрочные;;всего;краткосрочные;;долгосрочные;;всего;краткосрочные;;долгосрочные;;всего;краткосрочные;;долгосрочные;
;;в национальной валюте;в иностранной валюте;в национальной валюте;в иностранной валюте;;в национальной валюте;в иностранной валюте;в национальной валюте;в иностранной валюте;;в национальной валюте;в иностранной валюте;в национальной валюте;в иностранной валюте;;в национальной валюте;в иностранной валюте;в национальной валюте;в иностранной валюте;;в национальной валюте;в иностранной валюте;в национальной валюте;в иностранной валюте;;в национальной валюте;в иностранной валюте;в национальной валюте;в иностранной валюте;;в национальной валюте;в иностранной валюте;в национальной валюте;в иностранной валюте;;в национальной валюте;в иностранной валюте;в национальной валюте;в иностранной валюте;;в национальной валюте;в иностранной валюте;в национальной валюте;в иностранной валюте;;в национальной валюте;в иностранной валюте;в национальной валюте;в иностранной валюте;;в национальной валюте;в иностранной валюте;в национальной валюте;в иностранной валюте;;в национальной валюте;в иностранной валюте;в национальной валюте;в иностранной валюте;;в национальной валюте;в иностранной валюте;в национальной валюте;в иностранной валюте
;;;;;;;;;;;;;;;;;;;;;;;;;;;;;;;;;;;;;;;;;;;;;;;;;;;;;;;;;;;;;;;;;
Физическим лицам**, всего:;1 347 064;211 085;310;1 135 136;534;1 610 213;214 859;236;1 394 661;458;1 504 196;277 375;327;1 225 507;988;1 582 254;302 393;234;1 279 092;535;1 601 117;296 626;283;1 303 634;574;1 744 164;301 781;212;1 441 696;474;1 877 445;330 061;728;1 546 008;648;1 819 247;288 848;67;1 529 738;594;1 795 526;319 640;17;1 475 304;564;1 811 237;310 143;1;1 500 535;559;1 959 459;310 890;0;1 648 042;527;2 023 689;292 988;0;1 730 136;565;20 675 612;3 456 688;2 416;17 209 487;7 020
Абай;28 420;3 486;0;24 934;0;30 519;3 671;0;26 847;0;31 701;5 674;0;26 027;0;34 221;5 626;0;28 595;0;36 256;6 570;0;29 685;0;37 649;5 554;0;32 095;0;41 318;6 788;0;34 531;0;41 313;6 317;0;34 996;0;38 678;6 600;0;32 078;0;39 750;6 379;0;33 371;0;42 269;7 107;0;35 162;0;46 729;7 253;0;39 476;0;448 823;71 026;0;377 798;0
Акмолинская;28 069;4 083;0;23 986;0;33 710;4 066;0;29 644;0;31 788;5 930;0;25 857;0;33 954;6 223;0;27 732;0;33 272;6 291;0;26 981;0;35 541;5 599;0;29 942;0;40 745;6 824;0;33 921;0;40 013;6 051;0;33 962;0;36 215;6 674;0;29 540;0;38 952;6 873;0;32 079;0;39 648;6 501;0;33 147;0;42 885;6 424;0;36 461;0;434 793;71 539;0;363 254;0
Актюбинская;53 988;8 064;0;45 924;0;64 494;8 006;0;56 481;7;60 151;10 070;0;50 060;20;64 475;11 132;0;53 343;0;67 368;10 615;0;56 752;0;72 174;10 191;0;61 983;0;81 510;12 630;0;68 865;15;76 682;10 773;0;65 909;0;72 519;11 981;0;60 460;77;75 928;11 940;0;63 989;0;82 819;11 991;0;70 827;0;80 872;10 873;0;69 999;0;852 980;128 266;0;724 595;120
Алматинская ;13 726;276;0;13 450;0;14 975;394;0;14 580;0;17 321;1 089;0;16 232;0;20 788;976;0;19 812;0;22 217;904;0;21 313;0;24 538;928;0;23 610;0;26 635;1 031;0;25 604;0;23 727;1 118;0;22 608;0;23 033;899;0;22 134;0;19 858;847;0;19 011;0;21 707;753;;20 954;0;21 776;1 087;0;20 689;0;250 300;10 302;0;239 998;0
Атырауская;48 298;7 954;296;40 048;0;56 985;7 782;223;48 979;0;54 415;9 807;288;44 320;0;41 466;8 478;157;32 831;0;49 020;9 420;218;39 380;2;54 753;9 227;198;45 327;1;63 953;11 980;241;51 732;0;62 048;10 402;1;51 646;0;60 380;11 812;0;48 559;9;60 991;11 215;0;49 776;0;66 580;11 286;0;55 257;36;68 531;10 349;0;58 182;0;687 420;119 711;1 623;566 038;48
Восточно-Казахстанская;38 013;5 582;0;32 430;1;44 718;5 453;3;39 259;4;44 145;7 416;0;36 727;2;47 403;8 428;0;38 969;7;47 616;7 932;0;39 679;5;51 418;7 249;0;44 168;1;54 786;8 918;0;45 864;4;52 256;7 671;0;44 584;1;50 340;8 718;0;41 591;32;50 922;8 180;0;42 740;2;54 114;8 087;0;46 014;13;54 785;7 314;0;47 466;5;590 516;90 947;3;499 490;76
Жамбылская;46 508;7 583;0;38 925;0;56 662;8 096;0;48 566;0;52 650;10 325;0;42 325;0;59 286;11 808;0;47 478;0;59 054;11 011;0;48 043;0;64 688;10 391;0;54 296;0;68 627;12 674;0;55 953;0;65 071;10 662;0;54 409;0;63 666;12 103;0;51 563;0;63 604;11 722;0;51 882;0;70 572;12 250;0;58 322;0;72 286;11 479;0;60 807;0;742 674;130 103;0;612 570;0
Жетысу;44 865;7 536;0;37 329;0;55 918;7 788;0;48 130;0;52 528;10 876;0;41 652;0;57 626;11 674;0;45 952;0;55 270;11 210;0;44 060;0;60 146;10 968;0;49 178;0;66 288;13 687;0;52 602;0;64 843;12 042;0;52 800;0;63 583;13 418;0;50 165;0;64 934;13 317;0;51 617;0;74 995;13 050;0;61 945;0;79 341;12 628;;66 713;0;740 337;138 195;0;602 143;0
Западно-Казахстанская;35 484;5 485;0;30 000;0;41 161;5 456;0;35 706;0;39 298;7 152;0;32 147;0;39 538;6 932;0;32 606;0;40 443;6 980;0;33 456;7;46 676;7 056;0;39 619;2;50 196;8 459;0;41 737;0;48 993;7 369;0;41 624;0;46 548;7 748;0;38 800;0;47 929;7 657;0;40 272;0;52 982;7 642;0;45 340;0;57 219;6 866;0;50 353;0;546 469;84 801;0;461 659;9
Карагандинская ;73 074;10 046;0;63 028;0;87 286;10 070;0;77 206;11;84 110;14 088;0;70 021;1;88 238;14 819;0;73 417;3;90 788;15 054;0;75 733;1;97 457;14 241;0;83 211;4;100 326;15 680;0;84 642;4;95 768;14 200;0;81 568;0;89 603;15 728;0;73 875;0;93 574;16 219;0;77 339;16;98 434;16 058;0;82 374;2;101 026;13 938;0;87 086;3;1 099 684;170 139;0;929 499;45
Костанайская;36 816;4 875;0;31 941;0;44 012;5 122;0;38 890;0;43 852;7 010;0;36 842;0;43 536;7 751;0;35 785;0;43 775;7 064;0;36 711;0;47 128;6 961;0;40 167;0;53 529;8 330;1;45 199;0;52 715;7 448;0;45 267;0;48 580;8 026;0;40 555;0;51 444;7 739;0;43 704;0;55 075;7 681;0;47 394;0;58 284;7 516;0;50 768;0;578 746;85 522;1;493 223;0
Кызылординская;40 102;6 601;0;33 502;0;49 432;6 641;0;42 791;0;47 754;8 758;0;38 996;0;50 920;9 196;0;41 724;0;50 365;8 794;0;41 571;0;56 265;7 946;0;48 318;0;61 900;9 928;0;51 972;0;58 545;8 499;0;50 046;0;54 921;9 625;0;45 296;0;56 441;8 977;0;47 464;0;61 506;9 311;0;52 194;0;64 235;9 074;0;55 162;0;652 387;103 350;0;549 037;0
Мангистауская;52 804;7 693;0;45 111;0;62 815;8 037;0;54 777;0;57 905;10 220;0;47 686;0;60 397;10 912;0;49 486;0;64 273;10 845;0;53 427;0;65 522;10 117;1;55 404;0;68 705;12 161;0;56 543;0;67 743;10 227;0;57 516;0;63 432;11 510;0;51 922;0;67 305;11 707;0;55 598;0;68 637;11 176;0;57 461;0;69 609;10 260;0;59 348;1;769 147;124 865;1;644 278;2
Павлодарская;39 070;6 728;0;32 342;0;49 535;7 192;0;42 343;0;48 978;9 154;0;39 825;0;50 475;9 550;0;40 925;0;48 890;9 022;0;39 868;0;53 295;9 176;0;44 119;0;57 181;9 774;0;47 407;0;53 613;8 875;0;44 738;0;51 675;9 315;0;42 360;0;53 783;8 791;0;44 992;0;56 956;8 791;0;48 165;0;58 607;8 324;0;50 283;0;622 059;104 692;1;517 366;0
Северо-Казахстанская;16 944;2 496;0;14 448;0;20 603;2 820;0;17 783;0;20 507;3 777;0;16 730;0;20 083;4 080;0;16 002;0;21 166;4 881;0;16 285;0;24 026;4 919;0;19 107;0;25 329;4 469;0;20 860;0;24 731;3 989;0;20 741;0;22 690;4 797;0;17 893;0;25 051;3 930;0;21 121;0;27 924;6 613;0;21 310;0;27 846;3 771;0;24 075;0;276 897;50 542;0;226 355;0
Туркестанская;41 641;5 442;0;36 199;0;51 270;5 521;0;45 749;;48 818;7 749;0;41 069;0;52 070;8 007;0;44 063;;52 202;8 232;0;43 970;;59 068;7 519;0;51 549;;66 854;9 602;472;56 781;;60 891;8 467;0;52 424;;53 712;9 219;;44 493;;52 614;8 567;0;44 047;;58 418;8 755;0;49 663;;60 603;8 493;;52 110;;658 161;95 572;472;562 117;0
 Улытау;11 680;1 392;;10 288;0;13 202;1 536;;11 666;0;12 781;1 880;;10 902;0;14 539;2 118;;12 421;0;14 389;2 080;;12 308;0;14 755;1 988;;12 768;0;15 263;2 345;;12 918;0;14 590;2 198;;12 392;0;13 944;2 445;;11 499;0;13 928;2 151;;11 777;0;15 121;2 135;;12 986;0;14 685;1 848;;12 837;0;168 879;24 115;0;144 763;1
г. Алматы;424 287;81 744;8;342 041;494;511 515;82 565;3;428 558;389;461 944;102 643;31;358 357;912;487 587;113 416;69;373 625;476;493 596;111 330;60;381 708;498;549 128;126 224;6;422 482;415;566 479;121 750;8;444 161;561;558 272;106 149;48;451 539;536;550 195;117 273;11;432 511;400;569 897;113 743;0;455 648;506;623 343;112 878;0;510 039;425;620 184;108 067;0;511 617;500;6 416 428;1 297 782;245;5 112 288;6 112
г. Астана;169 269;18 256;3;150 972;38;197 358;18 504;3;178 804;46;182 451;23 709;2;158 687;52;191 704;27 943;7;163 705;49;191 104;26 404;4;164 635;61;199 330;25 528;6;173 746;50;227 273;28 365;5;198 838;65;222 932;24 959;18;197 900;55;206 940;27 664;5;179 224;46;220 380;27 298;0;193 046;35;231 117;26 378;0;204 688;51;255 828;25 664;0;230 108;56;2 495 686;300 674;55;2 194 353;605
г. Шымкент;104 005;15 765;2;88 237;0;124 044;16 138;3;107 901;1;111 099;20 048;5;91 046;0;123 948;23 325;0;100 622;0;120 053;21 985;1;98 068;0;130 605;19 997;1;110 607;0;140 546;24 668;1;115 877;0;134 501;21 434;1;113 066;0;184 873;24 087;0;160 786;0;143 953;22 892;0;121 060;0;157 243;22 445;0;134 798;0;168 357;21 761;0;146 596;0;1 643 225;254 544;15;1 388 665;2
;из них:;;;;;из них:;;;;;из них:;;;;;из них:;;;;;из них:;;;;;из них:;;;;;из них:;;;;;из них:;;;;;из них:;;;;;из них:;;;;;из них:;;;;;из них:;;;;;из них:;;;;
;всего;краткосрочные;;долгосрочные;;всего;краткосрочные;;долгосрочные;;всего;краткосрочные;;долгосрочные;;всего;краткосрочные;;долгосрочные;;всего;краткосрочные;;долгосрочные;;всего;краткосрочные;;долгосрочные;;всего;краткосрочные;;долгосрочные;;всего;краткосрочные;;долгосрочные;;всего;краткосрочные;;долгосрочные;;всего;краткосрочные;;долгосрочные;;всего;краткосрочные;;долгосрочные;;всего;краткосрочные;;долгосрочные;;всего;краткосрочные;;долгосрочные;
;;в национальной валюте;в иностранной валюте;в национальной валюте;в иностранной валюте;;в национальной валюте;в иностранной валюте;в национальной валюте;в иностранной валюте;;в национальной валюте;в иностранной валюте;в национальной валюте;в иностранной валюте;;в национальной валюте;в иностранной валюте;в национальной валюте;в иностранной валюте;;в национальной валюте;в иностранной валюте;в национальной валюте;в иностранной валюте;;в национальной валюте;в иностранной валюте;в национальной валюте;в иностранной валюте;;в национальной валюте;в иностранной валюте;в национальной валюте;в иностранной валюте;;в национальной валюте;в иностранной валюте;в национальной валюте;в иностранной валюте;;в национальной валюте;в иностранной валюте;в национальной валюте;в иностранной валюте;;в национальной валюте;в иностранной валюте;в национальной валюте;в иностранной валюте;;в национальной валюте;в иностранной валюте;в национальной валюте;в иностранной валюте;;в национальной валюте;в иностранной валюте;в национальной валюте;в иностранной валюте;;в национальной валюте;в иностранной валюте;в национальной валюте;в иностранной валюте
;;;;;;;;;;;;;;;;;;;;;;;;;;;;;;;;;;;;;;;;;;;;;;;;;;;;;;;;;;;;;;;;;
Индивидуальным предпринимателям, получившим кредит для целей осуществления предпринимательской деятельности, всего:;158 020;18 837;0;139 183;0;185 560;23 584;0;161 975;0;184 887;35 507;29;148 969;383;227 939;40 243;65;187 631;0;247 438;41 788;53;205 597;0;230 156;39 166;0;190 991;0;238 093;40 294;472;197 327;0;228 386;40 015;0;188 371;0;230 923;40 535;0;190 310;77;236 862;43 669;0;193 193;0;255 735;46 425;0;209 310;0;278 188;47 006;0;231 183;0;2 702 186;457 068;619;2 244 039;460
Абай;4 750;418;;4 332;;4 453;606;;3 846;;5 176;1 480;;3 696;;5 349;999;;4 351;;6 861;2 163;;4 698;;5 691;1 400;;4 291;;6 180;1 656;;4 524;;6 983;1 947;;5 036;;6 265;1 561;;4 704;;5 985;1 755;;4 229;;7 427;2 375;;5 052;;9 019;2 847;;6 172;;74 140;19 208;0;54 932;0
Акмолинская;3 688;399;;3 289;0;5 181;458;;4 723;0;4 556;1 109;;3 447;0;5 456;1 040;;4 415;0;6 474;1 344;;5 130;0;5 653;833;;4 821;0;5 626;946;;4 680;0;6 120;917;;5 204;0;4 989;962;;4 027;0;7 651;1 473;;6 178;0;6 052;1 249;;4 803;0;7 182;1 540;;5 642;0;68 630;12 271;0;56 359;0
Актюбинская;7 629;774;;6 855;;8 648;825;;7 823;;8 886;1 300;;7 587;;10 563;1 669;;8 894;;11 974;1 429;;10 544;;11 203;1 463;;9 740;;12 095;1 759;;10 336;;10 855;1 581;;9 273;;10 788;1 519;;9 192;77;11 935;2 026;;9 909;0;12 561;1 756;;10 805;0;12 051;1 899;;10 152;0;129 188;18 001;0;111 110;77
Алматинская ;1 820;1;;1 819;;1 719;35;;1 684;;3 019;391;;2 628;;3 816;244;;3 572;;5 072;209;;4 863;;5 579;246;;5 333;;5 457;104;;5 353;;2 867;265;;2 602;;4 974;153;;4 820;;3 237;204;;3 033;;3 366;165;;3 201;;5 422;425;;4 997;;46 347;2 443;0;43 904;0
Атырауская;5 841;765;;5 076;;7 300;855;;6 445;;7 206;1 159;;6 047;;7 463;1 352;;6 111;;8 683;1 353;;7 329;;8 288;1 280;;7 008;;9 516;1 932;;7 584;;9 296;1 626;;7 670;;8 822;2 023;;6 799;;10 232;1 956;;8 277;;10 265;2 024;;8 242;;11 213;1 955;;9 258;;104 124;18 279;0;85 845;0
Восточно-Казахстанская;4 372;460;;3 912;0;5 340;513;;4 827;0;5 171;806;;4 364;0;6 283;1 001;;5 282;0;6 580;951;;5 630;0;6 337;805;;5 533;0;6 578;905;;5 673;0;6 385;976;;5 409;0;5 619;1 006;;4 613;0;5 417;950;;4 467;0;6 058;866;;5 192;0;6 961;891;;6 070;0;71 102;10 130;0;60 972;0
Жамбылская;7 532;1 108;;6 424;;9 826;1 559;;8 267;;8 837;1 771;;7 066;;13 499;2 587;;10 912;;14 266;2 322;;11 944;;13 262;2 139;;11 123;;11 547;2 329;;9 218;;10 909;2 087;;8 823;;11 401;2 314;;9 087;;11 407;2 348;;9 059;;14 106;3 003;;11 103;;13 947;2 642;;11 305;;140 540;26 209;0;114 331;0
Жетысу;7 315;729;;6 586;0;9 408;984;;8 424;0;8 948;1 607;;7 340;0;12 386;2 048;;10 338;0;11 563;1 960;;9 603;;10 781;1 811;;8 970;;11 710;2 126;;9 584;;11 368;2 123;;9 245;;11 865;2 103;;9 762;;12 558;2 368;;10 190;;12 903;1 970;;10 933;;14 646;2 286;;12 360;;135 450;22 115;0;113 335;0
Западно-Казахстанская;4 620;581;0;4 039;;5 314;765;0;4 549;;5 404;1 181;0;4 222;;5 751;833;0;4 918;;6 898;953;0;5 945;;7 276;1 158;0;6 118;;6 786;1 312;0;5 474;;6 542;1 165;0;5 377;;6 154;972;0;5 181;0;6 780;1 153;0;5 626;;8 061;1 078;0;6 983;;10 762;929;0;9 832;;80 346;12 081;0;68 265;0
Карагандинская ;9 498;897;;8 601;0;10 139;1 129;;9 010;0;9 601;2 378;;7 223;0;11 368;2 194;;9 174;0;14 344;3 043;;11 300;0;14 539;2 988;;11 551;0;12 179;2 308;;9 871;0;11 999;2 596;;9 403;0;12 829;2 652;;10 178;0;13 391;3 818;;9 573;0;14 461;3 810;;10 652;0;13 807;2 694;;11 113;0;148 155;30 507;0;117 648;0
Костанайская;4 852;529;;4 323;0;5 864;761;;5 103;0;6 278;1 317;;4 961;0;7 471;1 608;;5 863;0;7 710;1 237;;6 473;0;6 895;1 213;;5 682;0;7 659;1 419;;6 241;0;7 611;1 470;;6 140;0;7 054;1 344;;5 710;0;7 298;1 326;;5 973;0;7 890;1 326;;6 564;0;8 981;1 538;;7 443;0;85 563;15 087;0;70 476;0
Кызылординская;6 154;1 143;;5 010;;7 874;1 293;;6 581;;8 642;2 063;;6 579;;10 553;1 887;;8 667;;11 362;1 849;;9 512;;9 445;1 455;;7 990;;11 831;1 762;;10 070;;10 131;1 567;;8 564;;10 306;1 851;;8 455;;9 675;1 679;;7 997;;12 057;2 146;;9 912;;15 389;2 337;;13 051;;123 419;21 031;0;102 388;0
Мангистауская;7 142;664;;6 478;0;8 525;925;;7 599;0;7 669;1 393;;6 276;0;10 504;1 367;;9 137;0;12 503;1 378;;11 125;0;10 557;1 196;;9 361;0;10 339;1 361;;8 978;0;10 203;1 382;;8 821;0;9 238;1 391;;7 847;0;10 785;1 780;;9 005;0;10 953;1 612;;9 341;0;11 875;1 455;;10 420;0;120 293;15 905;0;104 387;0
Павлодарская;4 970;1 599;;3 371;0;6 734;2 103;;4 630;0;7 082;2 438;;4 644;0;7 423;2 123;;5 300;0;7 139;1 977;;5 162;0;8 062;2 640;;5 422;0;6 528;1 830;;4 698;0;6 953;2 131;;4 823;0;6 091;1 566;;4 526;0;6 774;1 516;;5 258;0;7 113;1 585;;5 527;0;7 149;1 861;;5 288;0;82 017;23 369;0;58 649;0
Северо-Казахстанская;1 725;222;;1 504;;2 420;508;;1 912;;2 563;640;;1 923;0;2 922;853;;2 069;;4 049;1 802;;2 247;;4 373;1 861;;2 512;0;2 886;676;;2 210;;3 061;696;;2 365;0;3 411;1 297;;2 113;0;2 852;477;;2 375;0;6 267;3 275;;2 992;0;3 294;541;;2 754;0;39 824;12 847;0;26 977;0
Туркестанская;4 723;517;;4 206;;5 332;534;;4 798;;4 927;862;;4 065;;6 165;1 041;;5 124;;7 326;1 331;;5 995;;6 475;1 031;;5 444;;8 128;1 247;472;6 409;;6 957;1 291;;5 666;;6 866;1 357;;5 509;;7 436;1 235;;6 201;;7 373;1 332;;6 041;;8 233;1 698;;6 535;;79 940;13 476;472;65 992;0
 Улытау;1 161;101;;1 060;0;1 440;302;;1 139;0;1 272;161;;1 111;0;2 357;353;;2 004;0;2 067;364;;1 703;0;2 382;279;;2 103;;2 566;396;;2 170;;2 237;468;;1 769;;2 461;599;;1 862;;1 989;383;;1 606;;3 053;353;;2 700;;2 523;338;;2 185;;25 509;4 096;0;21 412;0
г. Алматы;32 090;3 878;0;28 212;0;36 992;4 530;0;32 462;0;37 546;6 695;29;30 440;383;45 322;7 829;65;37 427;0;46 875;7 452;53;39 369;0;43 496;6 643;0;36 852;0;46 964;7 928;0;39 036;0;46 730;7 436;0;39 295;0;47 124;7 900;0;39 224;0;46 962;8 462;0;38 500;0;50 335;8 069;0;42 266;0;53 140;8 502;0;44 638;0;533 575;85 323;147;447 723;383
г. Астана;20 295;1 961;;18 334;0;23 009;2 355;;20 654;0;22 423;3 613;;18 810;0;28 654;5 203;;23 451;0;30 822;4 987;;25 835;0;27 558;5 308;;22 250;0;28 928;4 116;;24 812;0;28 869;4 315;;24 554;0;27 701;3 964;;23 737;0;29 664;4 984;;24 680;0;31 163;4 756;;26 407;0;33 524;6 039;;27 486;0;332 610;51 600;0;281 010;0
г. Шымкент;17 843;2 091;0;15 751;0;20 042;2 542;0;17 500;0;19 682;3 144;0;16 538;0;24 634;4 013;0;20 621;0;24 870;3 682;0;21 188;0;22 305;3 418;0;18 887;0;24 588;4 181;0;20 407;0;22 310;3 977;0;18 333;0;26 964;4 000;0;22 964;0;24 834;3 777;0;21 057;0;24 272;3 677;0;20 595;0;29 071;4 588;0;24 483;0;281 414;43 090;0;238 324;0
1 - с учетом заключительных оборотов;;;;;;;;;;;;;;;;;;;;;;;;;;;;;;;;;;;;;;;;;;;;;;;;;;;;;;;;;;;;;;;;;
* Категория юридических лиц включает нефинансовые организации, производящие рыночные товары или нефинансовые услуги, и некоммерческие организации, обслуживающие домашние хозяйства;;;;;;;;;;;;;;;;;;;;;;;;;;;;;;;;;;;;;;;;;;;;;;;;;;;;;;;;;;;;;;;;;
** Категория физических лиц включает индивидуальных предпринимателей;;;;;;;;;;;;;;;;;;;;;;;;;;;;;;;;;;;;;;;;;;;;;;;;;;;;;;;;;;;;;;;;;
